{"cameraMode":{"drawMode":0,"name":"Shaded","section":"Shading Mode"},"sceneLighting":true,"audioPlay":false,"sceneViewState":{"showFog":true,"showMaterialUpdate":false,"showSkybox":true,"showFlares":true,"showImageEffects":true,"showParticleSystems":true},"in2DMode":false,"pivot":{"x":-4.718416213989258,"y":14.211870193481446,"z":-0.7978858947753906},"rotation":{"x":0.24902889132499696,"y":-0.4286505877971649,"z":0.12418898195028305,"w":0.8595470190048218},"size":34.599117279052737,"orthographic":false}